epoch,accuracy,loss,val_accuracy,val_loss
0,0.6103827953338623,72.64440155029297,0.5639412999153137,19.846277236938477
