epoch,accuracy,loss,val_accuracy,val_loss
0,0.6109071969985962,56.00199508666992,0.6876310110092163,6.916890621185303
1,0.7005768418312073,4.3277201652526855,0.6373165845870972,1.853309154510498
2,0.7189302444458008,1.304857850074768,0.5178197026252747,5.825927734375
3,0.7121132612228394,1.6149917840957642,0.7148846983909607,1.134993314743042
