epoch,accuracy,loss,val_accuracy,val_loss
0,0.6187729239463806,126.90396881103516,0.6457023024559021,36.96235275268555
